id	first_name	last_name	email	gender	ip_address
1	Vance	Cheales	vcheales0@addthis.com	Male	85.231.113.10
2	Arne	Grimmer	agrimmer1@google.com.au	Male	125.238.73.201
3	Aleksandr	Duckerin	aduckerin2@umich.edu	Male	73.47.199.244
4	Bill	Clifforth	bclifforth3@mediafire.com	Male	55.187.52.43
5	Georgena	Ballefant	gballefant4@live.com	Female	201.181.241.62
6	Anthony	Grinyer	agrinyer5@ucoz.com	Genderfluid	234.43.251.10
7	Stephi	Kilford	skilford6@prlog.org	Female	97.105.43.165
8	Selma	Somerled	ssomerled7@youtu.be	Female	221.23.136.214
9	Aurelie	Chisholme	achisholme8@newsvine.com	Female	213.107.108.155
10	Augusto	Bland	abland9@sakura.ne.jp	Male	112.255.42.148
11	Conn	Raycroft	craycrofta@narod.ru	Male	155.251.186.37
12	Cathrine	Jeanel	cjeanelb@dmoz.org	Female	177.52.67.113
13	Kaleena	Houldcroft	khouldcroftc@w3.org	Polygender	212.131.240.107
14	Timothy	Holborn	tholbornd@weebly.com	Male	188.149.209.158
15	Neddy	Balch	nbalche@spiegel.de	Male	145.125.8.140
16	Cher	Beebe	cbeebef@nbcnews.com	Female	37.113.161.8
17	Luce	Pealing	lpealingg@stanford.edu	Female	136.237.34.40
18	Blake	Gibberd	bgibberdh@xinhuanet.com	Male	96.182.69.71
19	Aldis	Quincey	aquinceyi@bizjournals.com	Non-binary	200.133.225.3
20	Christean	Jakubski	cjakubskij@latimes.com	Female	8.150.91.115
21	Dorise	Obray	dobrayk@printfriendly.com	Female	246.99.6.138
22	Immanuel	Simmank	isimmankl@vinaora.com	Male	49.228.131.184
23	Waylan	Edgson	wedgsonm@google.pl	Male	102.230.194.195
24	Bethany	Island	bislandn@wix.com	Female	110.191.113.181
25	Wood	Johann	wjohanno@nationalgeographic.com	Male	115.90.28.37
26	Tommie	Dykins	tdykinsp@alibaba.com	Male	117.65.163.62
27	Dacie	Seadon	dseadonq@boston.com	Female	19.7.192.99
28	Putnem	Iacomelli	piacomellir@typepad.com	Male	248.121.93.99
29	Sasha	Flancinbaum	sflancinbaums@marriott.com	Male	13.253.153.191
30	Kristos	Ruf	kruft@360.cn	Male	179.177.9.197
31	Stefa	Bonhill	sbonhillu@soup.io	Female	178.124.109.176
32	Randee	Eyam	reyamv@nymag.com	Female	217.8.205.172
33	Cleavland	Puckrin	cpuckrinw@mediafire.com	Male	55.183.219.83
34	Adel	Orriss	aorrissx@google.co.uk	Female	4.16.115.25
35	Ailbert	Accomb	aaccomby@youtu.be	Male	167.238.242.76
36	Robinett	Puttick	rputtickz@sourceforge.net	Female	56.9.199.31
37	Loy	Casolla	lcasolla10@reverbnation.com	Male	201.36.215.95
38	Mignonne	Sterzaker	msterzaker11@etsy.com	Female	153.55.166.228
39	Vern	Bernhardi	vbernhardi12@miitbeian.gov.cn	Male	59.223.116.180
40	Ruddie	Critoph	rcritoph13@shareasale.com	Male	61.101.88.167
41	Ida	Valti	ivalti14@tuttocitta.it	Polygender	11.69.89.73
42	Arni	Munkley	amunkley15@bigcartel.com	Male	205.200.234.12
43	Cesya	Iglesias	ciglesias16@bluehost.com	Female	197.39.250.7
44	Larissa	McCarty	lmccarty17@tiny.cc	Female	199.230.19.192
45	Laird	McCarrell	lmccarrell18@china.com.cn	Male	241.163.241.105
46	Tawsha	Gerholz	tgerholz19@twitpic.com	Female	74.212.158.95
47	Josie	Lansly	jlansly1a@nasa.gov	Female	112.155.85.57
48	Gerri	Casella	gcasella1b@businessinsider.com	Male	238.157.98.207
49	Nikolaos	Weetch	nweetch1c@over-blog.com	Male	79.145.14.34
50	Iolanthe	Dytham	idytham1d@timesonline.co.uk	Female	67.222.40.53
51	Joly	Gotter	jgotter1e@businessinsider.com	Female	197.205.2.53
52	Millicent	Branwhite	mbranwhite1f@japanpost.jp	Female	165.220.150.221
53	Elbertine	Devonside	edevonside1g@g.co	Female	169.154.29.116
54	Abigail	Mangeot	amangeot1h@prlog.org	Female	35.190.244.195
55	Randie	Bootherstone	rbootherstone1i@microsoft.com	Female	206.187.181.97
56	Alexia	Cowdry	acowdry1j@dyndns.org	Female	22.243.122.190
57	Jodee	Battle	jbattle1k@cnbc.com	Female	167.246.59.113
58	Nikos	Tuppeny	ntuppeny1l@vk.com	Male	152.93.90.118
59	Ellswerth	Wilcot	ewilcot1m@mapquest.com	Male	7.183.97.0
60	Moreen	Gentile	mgentile1n@unicef.org	Female	238.0.174.232
61	Vanya	Brown	vbrown1o@cnbc.com	Male	78.128.171.156
62	Dani	Yokel	dyokel1p@bluehost.com	Male	58.154.44.222
63	Franciskus	Cartmer	fcartmer1q@reuters.com	Male	245.83.173.181
64	Zachary	McNelly	zmcnelly1r@army.mil	Male	126.232.81.227
65	Ximenes	Chapier	xchapier1s@nationalgeographic.com	Male	38.42.97.191
66	Guinna	Sullly	gsullly1t@booking.com	Female	100.247.126.178
67	Roselin	Loverock	rloverock1u@utexas.edu	Female	0.193.130.243
68	Bartholomeus	Dalzell	bdalzell1v@ed.gov	Polygender	234.150.209.77
69	Delainey	Cleiment	dcleiment1w@prnewswire.com	Male	211.47.69.138
70	Aldon	Axtens	aaxtens1x@utexas.edu	Male	95.36.217.42
71	Holmes	Ratchford	hratchford1y@scientificamerican.com	Male	120.91.114.3
72	Mozes	Royson	mroyson1z@theglobeandmail.com	Male	88.250.178.74
73	Jessey	Polk	jpolk20@columbia.edu	Male	5.198.164.45
74	Vite	Sharpling	vsharpling21@economist.com	Male	124.13.177.110
75	Melisandra	Chamberlayne	mchamberlayne22@feedburner.com	Female	125.49.92.194
76	Curry	Ramsell	cramsell23@comsenz.com	Male	48.42.169.23
77	Sapphira	Dorie	sdorie24@imdb.com	Female	59.47.6.51
78	Kristin	Greydon	kgreydon25@altervista.org	Female	17.22.149.119
79	Angelina	Richly	arichly26@independent.co.uk	Female	210.134.188.103
80	Reed	Mackrill	rmackrill27@posterous.com	Male	89.108.197.199
81	Starla	Hulke	shulke28@creativecommons.org	Female	252.105.31.28
82	Chaunce	Buffey	cbuffey29@surveymonkey.com	Male	170.174.105.48
83	Brooke	Barby	bbarby2a@google.com.br	Female	197.183.152.241
84	Mil	Medhurst	mmedhurst2b@wikimedia.org	Female	71.119.229.14
85	Zena	Challin	zchallin2c@psu.edu	Agender	40.36.25.229
86	Annette	Firth	afirth2d@blog.com	Female	143.231.185.197
87	Kimberlyn	des Remedios	kdesremedios2e@tiny.cc	Female	121.37.254.19
88	Bekki	Heigl	bheigl2f@lulu.com	Female	138.65.166.160
89	Benoit	Coggon	bcoggon2g@timesonline.co.uk	Agender	98.119.99.248
90	Judon	Ledgeway	jledgeway2h@bing.com	Male	1.72.203.57
91	Caritta	Sorey	csorey2i@xinhuanet.com	Female	235.89.50.112
92	Shaylynn	Foxcroft	sfoxcroft2j@reuters.com	Female	105.137.20.241
93	Mario	Hotchkin	mhotchkin2k@cam.ac.uk	Male	246.156.183.163
94	Emanuel	Mossop	emossop2l@psu.edu	Male	232.225.8.218
95	Gabriel	Wedmore.	gwedmore2m@weibo.com	Genderqueer	89.85.103.243
96	Lonna	Shuker	lshuker2n@a8.net	Female	58.48.224.11
97	Tanny	Blaszczynski	tblaszczynski2o@devhub.com	Male	134.196.200.18
98	Edi	Beasant	ebeasant2p@craigslist.org	Female	118.231.231.165
99	Maryjane	Branni	mbranni2q@indiegogo.com	Female	81.46.101.100
100	Cynde	Lownsbrough	clownsbrough2r@wiley.com	Female	210.238.148.131
